FA1	S01E03	ff9d2e36e17aa1f944e8515a7f6219724ea088df1f92eb3b2e3b4a5e913e0427	780008a985f2204df68f366e4f71ed9d33fd2457e79012a3cb730f89d0b2f005	1371463
a6d5eac44f46036b32423ceb8c393e8fadbefcadf95b455b0ea41166ada61af2	-1	-1	-2.6377
6b72aa5539a6d0e4520470a98a3b712a0c9aee7bca4bf7121f791973ba96a410	7853	9132	-2.3803
84490a6b525d90c8b2836d7d2a070597b2b0d16cd2caf2406395e23ad078b40c	9312	10392	-0.4539
90fa70c1ee856826f75dbf617a55c360b635105992251e4d56af13236c15f700	10452	12932	-0.3795
69d9e125ab021c327d544156f96dffafa26c1f8bb672bc09bce0c6e7d0f6925a	13812	16572	-0.6448
a5c80fa2bda842f5f1f730b143370b1558ffbbcc99945c860e5b7cbaa5b78938	16472	17552	-0.0874
b6de47a6a4a475e981e8008774a9da44d7184aaf8ed5c3691c1b738b729d5cd1	17812	20792	-0.2525
652800d60eba27fb45141d84b2e1eab74fc522a5b09d0ebdd7fe2b2c97b80e33	20952	22472	-0.3361
35de9ade1daabe694a9a8ec77fc057ed7f142bcde7a9e7f64bf1549fd7e3fb3f	24352	25432	-0.411
a13ccc96fc68f8f629551abbafbedebc1b41c349de383cd3cc8c2cf9c5d875ad	25792	29192	-0.0692
6b8870dbcee1b5c6f931b870cda9cbc836a5f8c3bdecf407e9076d6224f2dd42	29092	32513	-0.0922
9d9d4310dab738a1a518ecc59a58f694d900cf190e122f33d06388710bb6d850	33592	35253	-0.5182
29f7db65c726d03d988f0acbb55bfb09705c21e74c7e9e4aa103e5261744748a	35172	37372	-0.4096
a11f6b9cd866caafeb9d73131d831b349e1ce2b8790ff4be174b383b18adcf2a	37213	39033	-0.103
e469655e4e487b0aa376f9b1a728f6b092909cf094ac3cf2c048cb61f4415b55	40793	43853	-0.6875
ca2a8e3b7a69e002ffc1bcbc9a0627e4c6ad6a07a5fe563caa81a0a1680e73d8	43732	45052	-1.6628
206dc1378224a18ac3b015f36d7a5ebf21e6da4a9886b30215e864d732a2f5b8	46692	47933	-0.3788
d1afc55b49da97ff35f397b3cd605afbc25b7b8ef0bf096a99988ab80ef359b9	47893	50152	-0.725
60408352055cdd78197d8b06b63f2aa43386683276afcb127078a09cf635d240	50533	53113	-0.1791
73ebc046a85901c8750410f377aa262c490614790d01239440be3dbc83d355b7	52952	55052	-0.8236
8830a1026986d10657915d090953c919ed9def52bb7d71e4c6eeb0a11d2bfc85	55672	59073	-0.1946
7707706b75e952853f60bdca55154d5fcce21841e4472c930ec2a9564910da15	59132	61313	-0.5104
8bb877c67d453df9c81da9efb4af3c35ebbae9acccd0558bd162103401ac48de	62853	63673	-2.249
151c7923a3ea832d5535cbc0d5bd3ca7a70764c0e01316a6e2abd0a11f596372	64753	68992	-0.8062
3fcc630732a55e41d5ecf3739aca42822797c896af4a6ced56503565c6befae2	68833	71513	-0.0408
175b4d7d073699dc38e4dd0fc1954c37fd843bca436cc15c87d92fa5854feb85	71492	74492	-0.4621
e47d4bcea152e411ed9df9a0dded9a02865c9598c47d13b4a74153aed8645659	74373	74953	-0.689
b013f7d85789964c3a27866b1cbb0db7ec2024a28aaccccc99ec2b26267b45b0	78773	80273	-0.6313
3cf6efc4d1e7cae6164323054bda4304e0f91ea4bdad3678880fcbdc1a69c232	135372	137692	-0.0448
979b87ae83884c72057b603461e85f7106660f980d7433df697f920f6a1bfff5	-1	-1	-2.5231
a28b5d27b0830005e455033537dcae8db52114a291c868fe430b3045e50eab42	142092	146732	-0.0449
9b23494b777282e7ec8c378ddaccfbbb71ec999a8603be7fb982e0bb98ae3399	148092	149792	-0.8586
fe4cf48b930756e28b329f28d7e2d4caf238ee864ee8f6a9e91419e652ad2f6f	149652	151592	-2.0118
b3d4a4302569db9093315434a2a54a5be3c5835f3c508f7d37759d41306db21d	151552	155912	-0.7646
708b2814b16b0ae8c2b3ba76757ee03fa3da995101b948b3e0c145a560e97803	158952	162912	-0.199
a6ff260885ef2a52dec37935cf5d12079a26b3fe5cae8f8dc73fe41ab4a80f95	163092	163912	-0.0411
5d7223c5d0f8ae90434005079567296ff526fa2ab756fd6c292880b1c8927573	170112	170532	-2.2295
0e9c590d3f843e37267d52d4900deb91d1807ee8ec3fe6d2ed2726522fa35042	178132	181132	-1.0849
4c424d660e37bb7b4f6f1bf93fe9980d93b0f5a815fe0c6c82b06f2e46a3bab3	182772	184752	-0.188
23babc3766ca71b43be5c3abcb96f2ae818a4064fc11e427b56158cdbd3af8da	184832	185752	-1.2474
54272d9fb0d267e39ab4f8446d3f16ad1f520e43f352a016924906e37fbe50c6	186532	187592	-0.7896
71a478159fe3092ffcd75bbde9d05a42677a2b3834de5447ab417c2e94dc9251	187632	187992	-0.7739
cf9d59906e1bba0ba0bde2110a613c31cf665d682e8731c90e7aa9a85a25b9e9	189092	191412	-1.3464
e098ed9ec118818d546e7dbc96f4a4788ee87464d37f7b2698bbd9ab4122f80f	192832	193412	-0.0673
ff5582301379377a68a12c2415b67b679fe3fe84718c1dbd41972d392a28a519	196312	199692	-0.906
a351242ad102c042856c6221bf370dd374170001a0ea0ad19a943e65bbbc8651	199452	202572	-0.9804
6794466152786160b19d857c29c80f073dea0ffdc3233c5923a10c0293aef5ff	203652	206952	-0.0232
9f6f05735575fa268582bed54156e8842e3c10d6338961f194d18f2d0a68f25d	206912	210252	-0.0465
09ada860269b4617d49731e5b92ffb228607a43278f3ea230f6545b98de64f1e	211832	213792	-0.0193
0e0e580b3239fb46a69c3de05b6a0411f519b2d137e6b2c1c35fa1865a7dcf34	214332	216812	-0.0117
d18a5e9321da92a5f308f2e7e914dd5cac253813bd866eabdb0f8b79d287cf6f	216872	217632	-0.0494
2eac7032de622e5ab4fc42b4c5f0eff8bb2aee4290c511a3d5ef1ae5450839a6	220272	221712	-0.0093
452c7015842a80d553d636ed109d6cc47cef3e4cbc5401444104d51888cb549b	225492	227072	-0.1981
dd19ae9f1c992b84c7dd91e14ac3900255ff9cd2490e752e5c52abe4bec7118b	235872	237032	-0.2744
f7503a8e144b990a41f66ee559a8f2ba7a91c461ef2db2bbd04462e2c1457d5c	236872	240152	-0.6659
188363bd4f71b634647ac6bec667c87b9f5c09f107e079543be73bb9a3bc01a3	240532	242132	-0.0171
4dacbe5464704a36ede2a291f846bb334d570db60b23648167a377a2e742fc40	248632	249852	-0.1783
a5e26cd714dad40d70ab078583ba15ae46cf2082f5126e62f073b59f18504abd	251852	253552	-0.8424
4c7153d7f50a25e67c7af84a26852ba709b21f19999f738f292dcd9b31e9d10b	255372	256692	-1.4108
471518b65e6cdedb35ef35139d5b0a963e18436884f906d948066d1119ee4427	259072	260632	-1.9305
3e0a0ecdf0405302f6c6b65845fb617614135f935f7dbfe6e3f6812a077ee8fe	263432	264272	-1.5912
05f9ffd712fabe33629a52682c4dc29ceca7bef50ed4c2bcca7b3f91d88ac191	266252	266952	-0.8584
b07ff1a139065c03c023a905ba3d85d519eaa6990e1a2a7f16c89c2bae164b7e	269652	270632	-0.9572
b3bd608189ba62acd114b91d3edffe944d5e1807b5f786dc394b098999699913	-1	-1	-2.5941
014443d7c43a21f35dbbdc144b908bdf045c31c0fdb282decf45a250835c6141	274692	275692	-0.6385
1068f01563e352e6ec404054aeac248ab4441c822ee1a3fd3fbbc8ba1a539c0d	289752	292712	-1.9568
cd7a3cef9b4467356d43ec861c03f812c7ed79986b53fe008ea1f1bd99ec07c1	292792	293492	-0.0145
1dad0181cbd638b573bfcfeea2e1ef652ac4a2da83dc2d57c05f721f531f247f	294692	295712	-0.9602
c6683c78c75aff05f0dc36a1995c8e9646d6e98f0a3a33bef0c050ea5ebceea8	295832	297332	-1.2923
052bbb88850ace3807487f40368740dd020c45c8f166bbdffeed307d4d5cb422	297932	300972	-0.1949
26bdd95f470c3ade44524b1bfb610df1d8b2f61a7412b13e9becb66fc5863cfa	-1	-1	-3.9404
a5363c9a370277351fd74d165d3954b767e1afb9dfe81c2962e4c03aa30c9720	304312	307112	-0.0501
17a53e46787522a7d058e1167b1706b23ed0f4c82cc928351d59f9a5b5b867b9	307092	309392	-0.132
4b9e2a9b57b244e62c58b887dc9c30d0911487b4202c45302ed38cdc8b041129	310972	313652	-0.3815
e7a4bba6f64af6e5ecaa2e7d5cbc2490c05ca1428a4bf0775fcc2b778e6305ae	313592	316852	-1.5525
3b6509003c6ec0de267cb8a141e839419c5f8d462d1fc5ea162fa25f0e9fbd2d	317172	319852	-0.0448
97767404c0c050ec06a1e1536ed7c2291bc957ec53ea0f00a9ea3e5377825711	319932	322552	-1.6724
d14c3386deae5e586dbb5c6970bf8f26b1ea71c3337d5c24ac4e86e20caedef3	-1	-1	-2.8409
30470fa983327618af3fc264122ccc3295e39c5a9b32511b681f62122cb566c9	326152	328392	-0.0259
222346a4b23521e863af440992388fb10024636c3ae597defff6623f78efe1c0	328312	330593	-0.1778
6636a2281caa8a4ebec0d5b306f88ad783fd205e3923263a5344881a553f144b	330852	333512	-1.2262
a740f17ec0751d3e369b64c819b76a7753fe8022c5b2565fb9ebb47ad6ef65d4	333752	336512	-0.451
03cb29c4d74ea03a1dec138a5d903f1422573a91f1de0d3defdcb0a9ff9e763b	336592	338632	-0.6721
fd80f44903060bebd7fa4bff4ca793432d930e4ea7e3c8fba86251dc5f1f5cd8	-1	-1	-3.2931
866f0d1c28347c4f90f789a00197beeb7983918fc0a47f2aca2127a75166b8d9	341892	346472	-0.3279
f751c17e5ec4ab1f054c1baa75c916aab97891c7f16ae151710b7e2583710104	347072	348992	-2.4641
f6573c8bf0ce06291014bd4b694e576bb2738c2ebcfe130c19c5fd5debdbcfc2	349692	350692	-0.0501
4085b25e7c8d0c0bc194feb82aa3e6ae2457160ba1b2c18184087ecdaa0f9dc7	-1	-1	-5.4073
b7fd44a55cea920ddb9ef7b321966b4dd5406ddc423a88cebcf8f024c58d0c45	357212	359812	-1.6676
2c45e9738b4b9eb4477547415e5bf5f7bd5e9a9bc2dc198c4ab05da450bceda4	359632	362552	-0.0505
971c8aebd0a47809940d0ea5567807b03fadb1041534a4fbe124499024280a75	362452	364432	-0.0252
b6331665dc2b81449f4a9da83db8e91efbf657f130b34435354044fcf3133ecd	366412	370292	-0.1389
0c863d75268f4b181538ce97c1f126ffc1cac95e21e19d105d8d2e806773882a	370192	372072	-0.3467
898f7fcd624a076e903b46d7aa6540c84f1532de4f260e2f4face30e7cb0d97a	372072	374692	-2.133
925acb7e1116d39fa541076c0adfbf5d60dc4c94d0aba0bff377fc762d9c7f04	375972	376672	-0.0413
74d84132ed1c1abcd46c55cdc57ece59ab00bce4d3b197f9012b3523c016ba89	377692	378812	-0.027
f83a9f3560a904f57c852fab719b4a3e1f6451138a5ef5f1d8fb4ba5d4dc4c59	383832	386032	-2.1203
3f05ef5e525d6f50a8a55f24d685474f9c00a41f321ffaeec64626bb649aecea	386112	388712	-1.2694
e14f8b689aa33d2ae1d7f2d9f27d4af07f6ccf452633dff3128e2b5738bd3171	388992	392892	-0.9305
b60c8f9828d40f2e41bfaad25e46bd3dabf22f24f3512562078497512183e690	393012	394772	-0.9065
0988712c5158cae492b058d5301e98b128e2fd09000eed68b5ef93ffe090741e	395112	396472	-1.2055
26fe299038edfdf8deafdf7865db2573d3a4be987682f98834e49487fb50cde9	397272	398212	-2.1358
8a7e7fa48946d2db04344c383f54a448994b23510ac1252adf54d8fbe3824a7f	399652	402593	-1.0722
d27e37dc149d9f08a6fe934f76ee5bd3f0e4c852fd31991e98186b81fc9bccf4	402392	405552	-0.9125
21ba34bd443aad30715aa5a50b74044f066b484131531f5a56ca273e2112a483	-1	-1	-2.5967
03a8fa7f02e140a6876b67302e35ea28d1ba110d3ee42dac27d9a9622c2dfaa9	410072	413392	-0.3612
58687f0d739c05401a25d4097b3ae65052e841beb3e2a66f21791b9b1c4d3078	413412	414632	-1.372
46adda08ad73fadd2a1e7c6b8710b830447db5bd4f85f2008c7f19084d8f7f5b	415652	415992	-0.0192
21ba34bd443aad30715aa5a50b74044f066b484131531f5a56ca273e2112a483	416872	417532	-0.0548
7dbb4d0997aed1f66036e6327f5e1a56c043fbce607ee84071c4907b7d3f4d1c	422232	423572	-1.4192
a914344c0d7aedbee47173aa0cfbd525a4c41abb8ac7cea48a73313f19b5bd94	423692	426172	-0.659
8697689eca4de0e708d8a3af50fe4fb56a7634f4572a4e9ee8acd6dda36db69b	426032	429752	-0.7467
1aece8ea9132f2286a3cf48b87e709e9f0624b6cb0a9b581eef11b7093b21e88	431172	435492	-0.5373
572809d881abc9b31f9b3cd4082e0d6fc6cacfd259210f909d388826f4293092	435852	439672	-0.9141
3a1a8af7410dc496f6c4c9976c15cc4f8395722941b87d4669b5907d2d9d624e	439852	442512	-1.9777
c321764bbac059e51f087a244581f850ef9c9cc78bcc5260d59d1d6b6690633c	442292	445992	-2.0185
c48fb371d5874c3f2b676c8a79d767e4bb62e36e29dd5af0d860a861166e8f9b	446032	450153	-0.452
c17ed102f4496fbb22794b2a5c70f1c9b4361b04d4b665cffad8ba9707eb4552	449952	451412	-0.3367
6cd352b8a899e225ccd0184d952e441046155d4d6ca698fd7dff6f76dd33089d	453712	454972	-0.2143
6301a35c93170b1bcbf3b885c68bd2cabf115842a10c2716e077da2a9940bb7b	455492	457232	-2.1283
c162760d9c6e9defed0f57d4b1108fa0821ea2e80326e86d00bbf05a7f021d77	-1	-1	-2.7348
0847086cbee22d8975d50e3de15868d781544ebe68403654fd204e49cb8c49a9	-1	-1	-2.7167
9e7f5db1e0a138671b0d98718ea75b1fcae2ecbf84b7b85928899dc89becb781	465912	467752	-1.2776
2d042e94f656c7a598e7f73ac8ec33ea3713db677efdc7763332edb3750f8ef7	476352	480172	-0.5742
e7a4898cf3138a1b418232f084460eecdba235c22fe2e8a9ba7faa00d4eb7799	486852	487532	-2.2184
cc868cd8eea0197ab4cd06185e4c7c514700d5c089bf74a3d4a8b59ef2529f69	490252	493593	-0.0857
755363982c650f95443fa42ca23a57fe5c38fb09c76967652ca3f230dd44a9c8	493492	497952	-0.0559
7563550d01a888e1bd5ad548f2845ef7335a236ed09ec63d993f1fd7a1040fb2	498012	500992	-0.8637
cd816d1513eb90034e8690d49fca2907e069a30392c204596189085b85335540	504112	506112	-0.7726
4e5cf4dfdd680697f2f1b8cf5429da2fa2f53d4f7e0bca3c54a39437dca2e292	506292	509012	-2.0215
6d81d24147d1ba6c129b9284078fbbf360904792c73dd4283b465dab13d2eb31	511152	512832	-0.1706
15678d27dec98f1846ca4a15f5a04d11d0cd7db67352a93558424d166a02592f	-1	-1	-3.6707
f5eff68dbdba2f81963203e53ba17138318fe28d52cf2eea6a17e8cce0e24f88	518192	519373	-0.7566
ba96365f0bed73a4bf99df2523d33f81473f56cd454cfd60fbfdb39ad79d8742	519412	521513	-1.1567
bd8c95a9b41c980121f1a6ddc5f2f19074896ba6da7d9fbd1bd103c49402891a	524412	526592	-0.3565
428fffac89cf428d49983ac1cbce67fbed9f5aa3da160da25857059af49d7ee8	526993	528812	-0.511
7ae1042436f90274e7bca39d862e015a2e67e611b11231900db6deb04b1aa932	531332	534512	-0.4264
b1e1f373f0d3ac56b2441a396bea8f1d05ea1b70c40f9536d535fe52ee946886	-1	-1	-3.3508
eeee612cb938b92146387c21b9cf38746a5c1782eddf54c8498de8944148669a	539672	541852	-1.1495
633db2ae9f1c0e9fc5cdb752e32b2e37e10d7006c27f98f255a5e76089165b1a	-1	-1	-3.1508
1fe29fe644bf513deef0c391242130526223eb1c8f5c598c841d332c8929f383	554432	554993	-1.3169
729be932d408903a906c17b94a0e18c219d87c85fa465c30a10f213b9314da87	556032	558493	-0.4994
98dfa5c03e965487499a8b437a733a2ad97eb7966af86983afc4bf83d2b420bc	559832	561132	-1.4447
d3a74bac39398066e96be5a7c20c09473c46fa7c364f6353338bf6e5451ed6ab	-1	-1	-3.7176
b2c3e98e427fa027fe12aaf7cf09f7fa690754ae5120d0ec6fbe6baca5766a17	563353	563932	-0.1394
95da46070755c44205c127659ad7e41ec3987cf20c14295ab997df8c45da6b4b	565672	566172	-0.1224
194e6e0137eb869342627136dd51bc8270a771d86546d519e1f888c6290eee79	569692	572332	-1.2148
a5873f2551d9f5d0b78334cb08f9dbd5c7bdff8fd3ec622384a3e66e84b6af53	572172	574032	-1.847
f9d023a1347e6e738770e88b4bac29499dafda15ebfa177810b7a75e90d99461	573912	575252	-0.0759
48eca5ffff553afac1e7927506f32df10eff36dea1cba0e44f7aace34f36cf06	-1	-1	-3.0282
4a587e9afe2c2327a2cc25d6734dff09cb581b13acbd9867ea8fb51057c05526	578312	580232	-2.1119
768172e8242b8bcabd6861242cf7899e1bd671c665ef99ac669acdd7270a199c	581233	582752	-0.5164
45fa0bce9d37aaf5da7bdbd74e843aa4e8f8eebcacb13787acafc3af9f5c56fe	-1	-1	-3.2673
7886da000b7d6bc01748c4417ee8f84ad019a5ad5178af35905d80a158c46d91	584493	591932	-1.5267
cdb6b6d98fc49c6882ce859254c81ef0cb0834e858cfac3a4d91de6d980fa032	591993	593752	-0.3839
daf1456db5809b8309c2e9bcd8e6c9196e4693e878182c74a00963cca6844317	594692	595312	-1.485
239397f726d3300d13d9b41f2dd9ea379eebebe40c26dfa17d8102b3f53deb53	597233	598412	-0.9836
fe7f5b760d60613e6f24c6f3669a3ee303aa014631c00b2a7dbb40236f61c017	598792	601092	-0.0307
7716d11af9fbd2b5e728ecf6d0fdf8fcebfc902a3c9e8d1c95a38d2a24e5731f	600892	603152	-0.2245
21107e1ea1468cc25410868602e46823a17265f082bb6b8f5975d15ec7fdbabb	606952	608112	-0.7774
38439cd4533496b30d19cfb9707a0560c4d9869d505ae52e3fab5153529365c8	609412	610972	-0.0973
fae9147d53ceb879992923c2b3dc88a7901e8d0d690daff67dbba6ac089ff10c	610832	613652	-0.0492
bbfbbd81688cf45e2b907b883e0587c83fc214c01f8db4ff7a7017455d7c5953	613912	615212	-0.7709
880bea558160e9c0e1a8bc48b10ad1d64db65ad06096571fa4ad166ddef482be	615032	617812	-1.043
c8b1f685bbe1c9ba06415b4b2def991501b4da7edf32c17af2612b99bcdbecac	617973	619132	-0.9073
f619d384f8a0fd4ba43fffc4ce7587cb53becbe382bc7559499dcaf9e52f6ec7	618912	621732	-0.8062
59e75696bf5c81fb45e2ad14419ae1320be834662fd106d839f124dc85057374	622812	624612	-2.4516
d7a9db37878e5a5c30e942d27389ddd7c00f144a73a92165ddbe1a0766df85aa	628452	631092	-1.4363
c0b66ad54f608b3680d3c45bc155117eaabb013f7644343826858e2bdbb5caac	632572	634852	-0.0406
45fa0bce9d37aaf5da7bdbd74e843aa4e8f8eebcacb13787acafc3af9f5c56fe	-1	-1	-3.6565
0593d0ae05493c69def1dc5800652604408d7078f054c0a0ed368ad70d9619ca	650613	650952	-1.5157
c0a6c7e46ab5442b1353a5294c59698df09384452f42af4ad2816ef16294eec1	657473	658392	-0.4024
8464d019603cc85efaaefb51bfef3bf35cecd1bf4b208218862196394e26b860	659792	660192	-0.0103
1aaf99d757e1c8568174cd2e3d2b0b32eb20245e0756a2d139eb0c64361069d1	661493	665312	-2.4348
771a5a410de96a727742c41193b51f452578f980797663e5ba7feeb7bf035c30	665113	667712	-1.8078
2702c772bb4504e75761001c5d40aef672ac1c4c607375c2c15039af42429168	668853	671373	-0.3888
c886d89f897b7cbf7286056bbeacf89a2b446846e02a028a7be41a4fb0042446	671213	675192	-0.2811
06894068ed48982c1d89ae83b703f2aa9a16b1b582d49ce356e776e6ecc5c0b5	675152	677312	-1.4076
e7b1ee3c0e0f6cb97a6dc70b37b138782c53bef26fdc4e454b38289f3c4f56ce	683172	685772	-0.9814
268e85b04dd7ef6123ff7305f9dd6ba3a9192aedf814466fb9e4c094c8ade7ff	685692	688132	-0.4468
43f7c9ca988e33678e805f99f16c87dc82e6c2416ac943c6c1e782b28cef395a	688012	689712	-0.6023
ed11ae8b4e7dfa88aef1898539bff0449c21dd9d9eb80f88dbd9baa4e2763580	691353	693172	-1.1662
a83f48059f5d6a09ad1478d62d70d8f5fd7e469fd5d3c8512dca7914736fd801	693713	696112	-0.5198
1325c60eeca8b1716f0aede0703d1d234f94a5659ce4f6aad0acffdbe1e72504	696272	699932	-0.3855
acaa136c2fb242f72e37b7da581fa5b254c2e8e3693baa3e02f778e17a279c89	700493	704192	-1.6903
1c0853e5675c62f114e3e3e9dc33770e48aa728d694c28098b3217c2a1156552	704072	708212	-0.6705
8f8c28a97637e1ddd3ed51a1190bcda140f2e0a86ef61f984ca79b85be0bc991	709252	711432	-0.7101
90892c732d0e4ab477134d9fd25d89833a24221a66bf1e93e9e22d42ded0c6fc	717353	719592	-1.3353
9b3404c09cbab39f78c2c8b866c11ad8ca0e7e7f8850871d7512f77a6d8104b7	720752	723392	-2.1921
e41d3b56d8f9d40dc188e1f6c7820b266ec6590f54abe1f313f22647cc6ee389	723272	726472	-1.8714
edb52e7107de670ffaadc6b5a8cfcbe1246344b0fb845669a960d0af5b2c4cb4	727292	729052	-0.4032
3db9e2ccf1f10c063da907aec58544dad29bfe51fff637642e91cbdc0fa242fb	729152	730112	-1.6907
0cce0ea8f8c3a68903379777792d8f0863c72c8374bd08c1ce54f58eb3229225	730292	732812	-1.0226
bbaaef4b703226ab8977cc03e5b6d19902e65495ce9c15ed0800220efe265f7a	733252	733732	-1.7545
34fdcd5b3e6e6a8d79a4cded4a8986cc900146b1e202f0cedc2a7cfe40595847	735812	736672	-0.4344
c89fb0fe24c5241666ac1b55b473efb0e0ab6f19dcd52633b4e09ae32606d845	737552	739932	-0.0337
eba44e2e65c3eaecc5d318e184ad828612f097239747a88d6a87cf8b785c75cf	740532	741993	-0.4744
5e7113b94603ce4ea8f9340f84c0bf02a42cff9c4070c8840d7314af871f05dc	742373	744472	-0.7859
0394cdd2f389f0de6b8e02cf9ad2eb1e231ade354bcc63f824e0c144fac0ef00	745072	747752	-0.0913
a058836be9d2464526addc34d2d3237bc68cc74b6f3bcb0aef81940eb86fd477	747692	749332	-0.5843
e085707f937b01bf2ecb8106cbf453fc3bb6ba49930b777e484185c01be61657	749093	751452	-1.1883
fa88d82e7fe3179e43b52cee3aae4e71019632be2bf3ba1fe4fb9e6df5ccec81	751812	754652	-0.9797
9f0a4642619c8bc9b0e74853122571cc77504bc5b0d3359f99a7ac7c8bd10986	754512	756252	-0.0413
1d94e9c59525393590e80e50989ca0b2c394b0de6f0d8b531c2e629713e384ee	757552	758912	-0.8408
c24c6ecde57502acfc1cb0c29ad2500bcb8387d8abc45eb2ca65789253750bce	758752	761592	-0.3977
47615f797e8b494aa64e6ae5f31999cd1232705a12fc7d8a4306f80b7809d166	762572	763532	-2.4259
889b9390d544010425d3ff7245e4a633c720108a070d3e0a68ec7585ef4140e7	825792	826792	-0.8986
96d98401129ebdb7637bbe182f9982117dcb34bf4819de70953317e02099434d	828152	829012	-1.6264
f39c61daec3057a29bcde5fe8f96b8a9dfb8ccee3c37b9e80bcae83dd4257fc2	829392	830613	-2.426
c410f3a2b74ff5987a75d4dc83e981d0e0736877521825a7a9d674cac4b35301	830833	832952	-0.5675
e2580a6aa18ee1e9fe9f6e2808f6a3c5c79054f23c017557f369efa8babdc9c4	839512	839952	-1.2728
2028b87cc7a4a81daed15b2773caf8e44a7c28009bbd8a2015b2bf5451ad55ef	841613	842412	-2.1305
2aa007e592dd1d7ff519b3a4993fe0eb355538a84c41a8ab0077ee196f00bf53	-1	-1	-3.1894
fbc8cf17cda2d7640434579fdcfb4643412e77e2d99d17f1b0e596a85960804b	845113	847572	-0.3897
25b65d77d7f28f2650555dad3a297ea179290a1d4c74001da16bd5054f0a8258	847392	850512	-0.0277
7c2c6365190239d27882612ec3ffebafa93ab49cc4a61144873c4e495baef621	852873	855592	-0.9752
7ce29777f4799ccef79e9ed5bedef657f9836c5a59b955a6a09be9228f531149	857892	859412	-1.4023
aae46d512f4f61e55c0f31b1b47233605fd7eea05ee014965b58997a40a0b614	859512	860652	-1.9746
5cea77495956fffd09861f251f7e4f5a91ecfd19ca5e1caae186e3ed9161d79a	-1	-1	-3.0626
17309b45b232cb666409bed78240e2f4a409511c0fb007dabe947da837e5f949	864632	866032	-0.6484
81d8dc1c936bf073f818c1f1edfc5251f80567c4029616f5221fc3a84b8cb719	867892	869732	-0.9624
ee4031444429946ded7daac398fe34fefebaa1820e498beab2abfa337a2541db	869892	873952	-1.0261
dbe27d39051d1d2bd0b80107da6b7ed2373f22b4b0660d92c7cda4ee11ba5c6f	874452	877152	-0.1136
898b01182a9f57a26f90ef49f03b5cf07ba31e3294ab48926e3cd5a4f2633750	877172	879732	-0.0388
d607b6e9da581d367f109f1406adc2a403dac0347f7d30dc931b9390fd64f18d	879532	882272	-0.0586
ea26efc553abf9eeda4583dbb3852bc38ef4fe72dda8c53c43dd435c1bb556b4	882072	885132	-1.2966
985fda1aa16989d8f3dabf892f320cd23396419bf8e4b0474e62202c871926cb	886292	889352	-0.0333
7a1cf7d6efde86d1c077daeacf389416c0110f8df16103f492eaf84fdbbd6969	896672	899152	-0.7578
8464d019603cc85efaaefb51bfef3bf35cecd1bf4b208218862196394e26b860	902233	902792	-0.001
0a91dc694607a668cb375f2f419e68379bc742ea84981efc3b764ff52beda841	904292	905312	-0.7872
515aff2b72bfc6eeccbba8a50c09e11578dca916e2d079313a3da60db3a29937	-1	-1	-2.6896
386b9f9691c74ef2dadf8420b5ea7a0c4508cf1a4eb779691b78b8b0accfa8f8	907993	912392	-0.8982
e98f1e92104b6de8e3871467419f387e19d7b3d031cb80ebf4c78231a500c04f	916132	919272	-0.5327
d307ff70a337278d4d1cb13808151d66c57fd890d3aa0e29aa984750ea6a409e	919412	921452	-0.0365
c255b4db5c00e2f88dcec0bff4ea131e6d1807eb9cde30e571a125c47ac4a644	926512	931092	-0.4077
682293b228c922aac7c8925b427b8f5151c9ee95a59f19665bd0ae9261aae8f1	931452	933272	-0.0579
97a34b698c408b6adf21f5ef9506cdc94262897b442442615036c2706d26de4f	936113	937312	-0.993
67fbd004cf8f292e70929574cf8883337dacf79456aec964290b99452209e059	938172	940493	-0.4629
9a86136ca4d5acbd1b299db6d1822b1e2e8b64729d7ba2a6030a5cca8d4b212a	943213	947732	-0.6819
c069d42fb3d3c822506885cf755cb66fc123fc97018fe6a0a5e599d61572f568	962252	965032	-0.4171
b505c310b54aeeda8ecbd5c14d138faf416aad44c4b4b8416dcea32e70871f49	966373	966732	-0.0026
9fd6604fab23b17c51cc2f3d005610d706c14c4a01aafbbfefadabbef35d3e91	969032	972993	-0.3818
c0c2abf5daee5cc7c6449d3574052dabb7406fd25d66c85afb99de3ed17413db	974552	976412	-0.2175
9295d3f25fbf46728622e27b73741f1fb04c95b09ba3bde9385585214e48e770	976172	979592	-0.9061
0151d3bf7d36507940aa5e5ef08cdfc7c25b9a19011b49d4514aaa53cd3fad89	981373	982292	-1.7347
f70b331f8e24db6d3671407f6d599d646932d3922b9ec7b50b3ba4fdf43e14a6	982052	984292	-1.1595
7a795f7509d79ce67d9794a05d4ee3806baf4e282c7db7f6081f9ccb1ce3ce6c	984993	987632	-0.0421
9d2df846ca86275aa8271193dea498230ff96839531a7c533070145fb0fb5a91	987973	990613	-0.1705
7f7ab648cec79bc8975602fc3021698f7cecb104ea133339c2a3d61b796c5092	991012	993532	-0.418
88cc3a0840646a9e962e0b39f3b3b3d249d4f2e0ac5413c4a9e50d04d936e8d6	993593	995312	-0.2782
6c3645bb2807326198bba4b6a5e17bc46df3c3ab311c90a859bfce0d519dd0f6	998213	1001272	-0.3991
b11db46c1be42ca4f75b251a35fc5003caba6c3c66ea5cc630340290d98e91c1	1001052	1003392	-2.2186
4a59791f09ca178bdf51468537dbecc50d38ed93f5a85945446b6afb2495f66c	1003252	1005192	-2.4257
1066ca8b22e7c41422eae12f58677f2864d786935f3edc6f86b0e796fdcadb8c	1005373	1009252	-0.08
b906723a748c2b6a40421fbe04fca5cae67df592457579e83f92dbb92a729b2a	1009493	1012592	-0.6061
bb012541f60d9531565c402551fe478b83a3823e6e1bcdc42df4dfac67992871	1012453	1014692	-0.4994
6f82813df2e086a03fca941cb739d1777bf27d2f019b61ce6df6cfb87f359907	1014453	1017312	-0.6984
8656f9f9dc23f92755e564a315eff0460a83d204697bd649563034db30189007	1017192	1019192	-0.1434
2841077da917729f77480ccbc6f5e9fb38044aa45609d78ca4c109427a2e582f	1019412	1022392	-0.2222
ca6a64df84ca9a0bbc648206b7d46e49254f20ff96a388c86ac648dadcadcce6	1025752	1026473	-1.9208
9a7f95e1a0a72e7b38ecfe339dc37f296110971e259b88b6e87e22932ec0a2c8	1027012	1028473	-0.3604
98b5c656869facd09d3717b5ec717fce7af19b74cfb24453e7c086a7aacf03cd	-1	-1	-2.7522
2f1ffbe8a07ef2590e859d4637b62de79df5dc206e9f682a1e6b98a26eee5236	1032393	1033733	-0.336
8bc9e44d4ac751865df402ae6a0a77c24eee05a17254225640a44239cf2db1e3	1036373	1038292	-0.3497
451adc7aedd91ea737a41a65361e94ca6cebca88075ca02a99f2a5c99a7f77e3	1039252	1042193	-1.0557
53fb87ae0ebbd47875f0dd9b1a536a7e81dcebe253e58e2feaa585eff6e4382d	1043333	1045353	-1.5561
c75441ac1969a62ca7c63a35c107736a5bc86321be586e56d4d8824fad46d2bc	1048053	1048972	-1.6097
31d24ac047177373663ab629061e27456d9950b64394257f912dd6fb71532211	1052373	1055492	-0.1288
ee3ce4f5b6beefb3ec7ee5e7e11c10af5df68bbe23439cb6d889a5beb2d176ae	1056913	1058173	-1.1895
70c28fbbb3b41a31d7b24642477c53e12a2709bc30e7b414cb88feb38ec1e204	1069192	1070232	-0.7272
00278f0bc96b7f94edfbeab35d8d2a0bc733c371fb5ba77680c638b73233e363	1072033	1073492	-1.008
45fa0bce9d37aaf5da7bdbd74e843aa4e8f8eebcacb13787acafc3af9f5c56fe	1073793	1074333	-2.0325
2c1162832703a92228d7f4765ba6996cc13b76427204b9f5e15387050b11d5d5	1080972	1082032	-1.5125
a2e104bef34ad07e70b0ed0aa0b8a707721b3008f4124d71354495ea978dee1a	1082472	1084292	-0.2603
26c3111ff4861190eb713e75e1ed07a6f916925adf6c114a6a3ac76ad5e19c9e	1085173	1088933	-0.8479
7169f4d7f8b110e5a6959be96830c6256654a3a1d835293c87daf7fc038ed51f	1090492	1095452	-0.6078
71a478159fe3092ffcd75bbde9d05a42677a2b3834de5447ab417c2e94dc9251	1097633	1098133	-1.9342
55a5a04d894b1e32dd8c7aac0acfe6f5e434a3cf2da7614a3c37ca6c5b6fc71b	1100133	1100992	-1.3378
4f14817a9949dd5379474c33df7d3d51adb5df871671a96d8a43978b335df483	1101373	1104053	-0.3286
0e69852dbede0a68184d421e6170fcf6fb2556230edcb5d08c84b3e19c3e317f	1105893	1107113	-0.3802
f3da7c8cc0aba7ba9fd42ba202f3d3ab1ef16487ad4e5221dc4658d99744b70e	1109573	1111613	-1.9414
e1e6b14720e808ffc9fd880da81c70c17b5de81431ed550650eca7bed0bfb4bf	1112773	1113452	-0.3066
d6709ac797e2539270c7f9b9f2f2bc23425ee3be651361f726332196e0eccc27	1115073	1117093	-0.0684
36196bcb273b8ff4204e1b45a4469fa2b8a3f8f067e4c4d2115dc7c8e473d5e1	1118373	1121353	-2.0568
72dd698c33245b999c0f46fcfd8a4f42f2f20d8604103eea70e8dc55a331d3a3	1123133	1124972	-0.4987
6be0c5c9131834efe802d08b36d8db4283a64b3b2f63a51ea693227debeb1bcd	1127553	1128293	-0.1062
7bda899574f6a54ffce59dcea7d9f1fe9e19cbf2d555d70ff20c9b2b1c675b72	-1	-1	-3.764
3ba404df00640216b1b210ea249cee261f6bd6ba06f869e17fefa0f305cca3d8	1132013	1135813	-0.5645
34bc7a5bc0e0343b894cd1bf497d8cfec77085e53c0070afdecf0f3e0420dee2	-1	-1	-2.8127
43dcd69dbbc886a19aa13e207690ce6c1dfae87e2bd738ae01c455154c4c020e	1137752	1139833	-0.0526
2765749279a137d427177430948ddee99cc084c76faa769b751120df6200ec1c	1141813	1143272	-0.0668
acaaf0ad0be8f241439911265e248196f097a9e6ab22c59c5baef5bc0d73fe26	1144373	1145373	-2.3905
2ebf2c1aab33b5982531c76c7c078d4f87b900528c5158e0ac1397fabed3e721	1145232	1148192	-0.241
986905a54b837e0b1ecf57a903909df053e2c223ed5776ef62db3f3eebb68397	-1	-1	-2.6054
95e705230094cd3a29f93d923c357b503ad4cb648da7973964f4d3d38ddbd9ea	1154653	1156433	-1.8247
40daf48cb110fd9a929721355ff6ae2eacd83eefb01bfa07d8f21cd154b962dd	1159773	1161633	-2.0206
29efe33f740c2cba45267828a9933aae8dcec5aa4cf08c98c0668b204bece66a	1162192	1163873	-1.395
ac7c6655296b0ad025b6d05d79a37731518cc620f96b3ec56c261f84f79c3d2e	1164553	1166472	-0.2143
c75c73576805f47bb2a2eb26ba8b83846d06bcc46da52c947226e6426f70b0dc	1167573	1168272	-1.7886
3a5ad4f562ba9ffd1898258a6e322a32f82010dbe6145516d1eb82a1ebb902d7	1171513	1173353	-0.1142
8b629179192f274307fb038e3d455e5a8ba6c3c59f806b6d8ccee2a53f02c628	1177073	1179113	-0.8073
81eeaca195df3b70c0e4c571c199df4868eed7d512b52d13492aea85c4931732	1179732	1181032	-0.0411
01f50f2f7a73adf1cc42a50fb6f1674142b355e6eba646e067960fd889af3c08	1183393	1186373	-0.41
20479bd2ab21dd7a74087efe786341c9bc84ebd80047ca161f19f2bae49fd43c	1188573	1190173	-0.9043
df9ca401812c6f0440e7157269b55dbe64f5003304b9e30393232cfb24910914	1195573	1196833	-0.0876
4fb701519f40dcf57f436919044c5d4391a419186482cb8a36f3afcbb8138242	1200333	1201413	-0.6198
73ef63aed587e4d9db057c552e092789bbd266ab8c4248c78c24f39d1960bf19	1202053	1205032	-0.0359
d7ab5da98d884e9b6e72f88022f225ac3aad2a2eb57180169c2ddaff5f42ecf6	1205553	1206712	-0.0918
ca6cc87c840316c9b28f3f8dcbacff81057e28bbcad3afa69e6236f9f1ef438c	1209853	1211793	-0.6791
0d516f458970c813a5686a5559303a03d173039e2ff98bce891d6bfd68da37d1	1213252	1214073	-0.0932
707e207ae0089272faefc5d1c95c70e363965047073a706eb9d2ae6a34b6a991	1215933	1217893	-0.0383
2e71e8f8416bd2c9853a7916ab8d64f1491062246248d670d75dff1681612f28	1217773	1220133	-0.5113
dbcb40a2312da3a0f26acb684dd8e7dd3e4caee1cb2a22c9eb3e2e3c95a57c6d	1224033	1227153	-0.8276
ac72ecafb4aaba2edb2d3999bbf082189278f85bd5dcf915ca81da421008907f	1227413	1229913	-0.2001
7825865a70b7695fdaee04b937b49413c07ec5aa7f0b3397ab77c8906931bfcb	1229793	1231032	-2.0304
051f98aec665a9e4f82484fc73efddd875de95a5c17b432f2ddbba52b4c9ba7e	1231893	1233532	-1.0672
a513c76bb094aa76a3c07d65dca7434ae29baec0234b5d09915b7628d1298daa	1233393	1237153	-0.4737
396e249319094c68bdfb0979a795cbabcf51b18e3a17037c95e91782084f1888	1240232	1243232	-1.1199
4cd8e995953cdbb0f8356cc2c25b543298408b1958d60af54ab24396a46ff0b8	1245833	1247133	-2.0877
d408068e3b3d10c3d57c920edda281b4479514a6575f19e0914afb07823849d4	1247433	1251272	-0.7975
a9a030e9d56261d109d1ffee86c401e1b266e3b086d5f6bd509598d47648f4b3	1253333	1256153	-0.3712
adf7a7e7b83fe1e7b76d2931525240d7f1f96742d76350a5b70b16e2a4dda4df	-1	-1	-3.1277
cf3f50516836688d580fece9e8ecbe3b65802484733e197725cc6e416777158c	1262533	1265333	-0.8498
991a38d8d0e5641ed918c75ed2dd4a7b16fa243817c2a5812352188a4f93799a	1265893	1267853	-1.2495
3e3d3d107a5c56734093f8ff955cf3fc5f6b185d86596042c95f32ff7774ea79	1269813	1270772	-0.0074
5b58bd0c93c56d5ced8de18e65edfdeca1398b8cefe7875483a908bf50fdf441	1275133	1276992	-2.4138
9be821fb4094f242319565b4103036211d8b2891898fa7c4417b3722500b87c6	1278232	1281212	-1.303
987de9e3bddf022b5272d1b38423c1de69027362cf74763f4796c5a48974c783	1282773	1284853	-0.1784
a8906e2ff5f140cdf8bb2ed2525a35665cfc0067f7bcb7e8859389f39e2d1cd8	1285212	1286933	-1.6333
adc157691330a1b5facc50c10d80281f7be4caddd8763b34a94a8c8a66659a12	1286712	1288633	-1.0121
bf758b74e967b27c519dc3b7e06de811b86ed732389c28c7de41ee8ff697865f	1290413	1291992	-0.0152
14b601751aefe9c60fe65dacfaccb5746dc450abf29a4dea0b7d8dd4b129cfbf	1299293	1301772	-0.4895
4ed37d6527526c2ce9667582442e7befa161bafbde8057e9af5d64a3b9333922	1304633	1305492	-0.7216
f32e5a2e1e481051f245a67d1d16fd8e6f98ee02ffb6b2b8e9659ddf16971bc7	1306873	1309573	-1.8407
5b1aa74f17998dc509e5d56c0565a9943306d99deb5281c1f21678f8e3f7e1f1	1312853	1313313	-1.7495
24bdb5334c502a064d9b4adb83f340dec4a316d3cc757d4a0dde23c7ead80e6a	1318293	1319252	-2.4095
748ab475192fd0b93d9bd42bd6fe46523447879cd4d9bd15d7a02a298a4fc2e5	1322113	1325093	-0.0233
b22362b81ccd23d9f440aee8a3a20f40080f0052108b1f01bdcd37606be95726	1330353	1332313	-0.3794
d87e49099489b898efb27a569f0346869914ac3d0b1807b4bfae3099c4b3fab0	1339833	1341212	-1.2574
a9397cfee87319bc3bffba24d8bccc0fdc608f6b0760d8ae7f7039e7b0652df2	1341133	1343153	-0.8341
f1b523958eb546aa4b19c52488a12d2ea1e173c17baf35dfd6db0e51a7455b30	1347513	1350313	-1.0013
a433ba6279217b7644b8385832608eaf2a7b1fbb7a35ad94c9db40b615d93e1a	-1	-1	-2.8702
5054f11b4a6ace063573c458b4469a68b4afbe6450777ebc4a4300925ee896db	1351413	1354972	-0.8856
3428becae485e3f7a83edfb70524b03d1df753883a50b9fb8a7cbab123a06bee	1354913	1356532	-1.2321
3510e009270326ab5b25d96989c722a5f730fc993ae4de9dff5f00136f12ad20	-1	-1	-2.8338
